<?xml version="1.0" encoding="UTF-8" standalone="yes"?>
<project name="Cocoon build system" default="create-tomcat-5.0.30">
	
	<target name="cocoon:create-tomcat-5.0.30">
		<echo>Using  Tomcat 5.0.30 as servlet container.</echo>
		<copy todir="${cocoon.build.container.dir}" filtering="off">
			<fileset dir="${cocoon.rep.container.dir}/dist"/>
		</copy>
		<!-- create platform specific file path -->
		<dirname  property="tomcat.filter.server.webapp.path" file="${basedir}/${cocoon.build.webapp.dir}}"/>
		<filter token="tomcat.filter.server.webapp.path" value="${tomcat.filter.server.webapp.path}"/>		
		<copy todir="${cocoon.build.container.dir}" filtering="on" overwrite="true">
			<fileset dir="${cocoon.rep.container.dir}/build-conf"/>
		</copy>
	</target>

</project>
